{
    "materials":[{
        "visible":true,
        "blending":"NormalBlending",
        "transparent":false,
        "colorSpecular":[0.05,0.05,0.05],
        "colorEmissive":[0.5,0.5,0.5],
        "mapDiffuseWrap":["RepeatWrapping","RepeatWrapping"],
        "opacity":1,
        "specularCoef":17,
        "DbgColor":15658734,
        "wireframe":false,
        "depthTest":true,
        "DbgName":"Material.002",
        "shading":"phong",
        "colorDiffuse":[0.9,0.9,0.9],
        "DbgIndex":0,
        "mapDiffuseAnisotropy":1,
        "mapDiffuse":"tie-tex.jpg",
        "mapDiffuseRepeat":[1,1],
        "depthWrite":true
    }],
    "uvs":[[0.16576,0.740106,0.169135,0.769184,0.093167,0.771915,0.097038,0.75351,0.252379,0.731015,0.294779,0.706117,0.309721,0.774631,0.273311,0.783603,0.216857,0.765301,0.232771,0.79877,0.344191,0.695694,0.344573,0.773116,0.310919,0.845379,0.275102,0.842624,0.233729,0.83678,0.344924,0.847004,0.167494,0.913582,0.165388,0.937118,0.101908,0.929101,0.096114,0.908628,0.2657,0.900994,0.223868,0.875658,0.345275,0.918872,0.305629,0.914167,0.168609,0.88996,0.092813,0.885913,0.345616,0.988542,0.292563,0.981111,0.169894,0.794148,0.09173,0.792995,0.24259,0.954929,0.201401,0.911755,0.16996,0.818464,0.169712,0.842462,0.090764,0.839038,0.090958,0.815666,0.551882,0.726979,0.594485,0.70243,0.608859,0.771069,0.572381,0.77974,0.516079,0.760972,0.531718,0.794571,0.643982,0.692414,0.643719,0.769843,0.573698,0.838774,0.532364,0.832587,0.643473,0.843713,0.60949,0.841799,0.169274,0.866271,0.091278,0.862588,0.563801,0.897052,0.522183,0.871382,0.643229,0.915615,0.603626,0.910558,0.590009,0.977397,0.540253,0.950805,0.49942,0.907294,0.642999,0.985263,0.07934,0.814349,0.080773,0.79123,0.079302,0.862161,0.078874,0.838118,0.091815,0.937143,0.083876,0.910608,0.083807,0.7694,0.080804,0.886244,0.090378,0.748187,0.052773,0.944821,0.047595,0.918488,0.046144,0.788604,0.049762,0.76397,0.042738,0.839019,0.043894,0.81359,0.044099,0.891468,0.042694,0.864956,0.055343,0.739262,0.270918,0.219683,0.277322,0.184721,0.446753,0.187881,0.443023,0.322467,0.27235,0.150189,0.236668,0.147125,0.237045,0.011924,0.446753,0.053237,0.198369,0.149477,0.026283,0.046707,0.191976,0.184426,0.196955,0.218972,0.022553,0.315937,0.022553,0.181293,0.232628,0.222054,0.232261,0.35725,0.760146,0.182487,0.55063,0.185737,0.55063,0.052734,0.757782,0.011924,0.965977,0.046283,0.969661,0.179229,0.969661,0.312232,0.762509,0.353043,0.554315,0.318683,0.8246,0.731093,0.893039,0.743352,0.898031,0.761447,0.821693,0.760017,0.436343,0.730121,0.415933,0.782905,0.379443,0.774281,0.393703,0.705636,0.472197,0.764059,0.456609,0.797681,0.414704,0.841944,0.378918,0.845043,0.456021,0.835699,0.821592,0.901875,0.892276,0.898835,0.885912,0.918935,0.823049,0.925152,0.46626,0.874479,0.424677,0.900217,0.384876,0.913778,0.82109,0.87855,0.896246,0.876383,0.398594,0.980595,0.899862,0.783042,0.821162,0.784527,0.44831,0.953929,0.489077,0.910356,0.821047,0.808295,0.900178,0.806191,0.899674,0.829642,0.821004,0.831784,0.735847,0.727597,0.714992,0.78022,0.678573,0.77129,0.69341,0.702762,0.771421,0.761829,0.755557,0.795322,0.754657,0.833333,0.713287,0.839252,0.677478,0.842042,0.82098,0.855198,0.898475,0.853192,0.764577,0.872196,0.722783,0.897592,0.682871,0.91084,0.745974,0.951495,0.696041,0.977753,0.787098,0.90826,0.910811,0.780987,0.911521,0.805186,0.911552,0.829058,0.910422,0.853135,0.904345,0.901182,0.895643,0.927211,0.907566,0.758107,0.908167,0.877089,0.899089,0.737805,0.94005,0.91024,0.934032,0.936133,0.937667,0.745539,0.947903,0.779969,0.948321,0.805995,0.948016,0.83158,0.94688,0.857374,0.944462,0.883603,0.92919,0.725237,0.198419,0.565446,0.026283,0.668152,0.022553,0.533567,0.192041,0.530487,0.197027,0.495966,0.022553,0.398924,0.23226,0.357611,0.232705,0.492891,0.443021,0.392394,0.270986,0.495263,0.277381,0.530208,0.446751,0.526979,0.446751,0.661622,0.27242,0.564739,0.236727,0.567797,0.237044,0.702935,0.760167,0.523947,0.969661,0.394214,0.969661,0.527217,0.762509,0.353403,0.554314,0.387763,0.55063,0.520709,0.55063,0.653712,0.757782,0.694522,0.965977,0.660163]],
    "vertices":[0.174305,-0.016007,-0.030124,0.135985,-0.054327,-0.11123,0.078634,-0.111678,-0.165423,0.241955,-0.179327,-0.030124,0.187761,-0.179327,-0.11123,0.106656,-0.179327,-0.165423,0.174305,-0.342648,-0.030124,0.135985,-0.304327,-0.11123,0.078634,-0.246977,-0.165423,0.010985,-0.410297,-0.030124,0.010985,-0.356104,-0.11123,0.010985,-0.274998,-0.165423,-0.152336,-0.342648,-0.030124,-0.114015,-0.304327,-0.11123,-0.056665,-0.246977,-0.165423,-0.219985,-0.179327,-0.030124,-0.165792,-0.179327,-0.11123,-0.084686,-0.179327,-0.165423,-0.152336,-0.016007,-0.030124,-0.114015,-0.054327,-0.11123,-0.056665,-0.111678,-0.165423,0.010985,0.051642,-0.030124,0.010985,-0.002551,-0.11123,0.010985,-0.083657,-0.165423,0.071419,-0.179327,-0.336979,0.053718,-0.136594,-0.336979,0.053718,-0.222061,-0.336979,0.099554,-0.179327,-0.437502,0.010985,-0.239762,-0.336979,-0.031749,-0.222061,-0.336979,-0.04945,-0.179327,-0.336979,-0.031749,-0.136594,-0.336979,0.010985,-0.118893,-0.336979,0.099554,-0.179327,-0.336999,0.073613,-0.116699,-0.336999,0.073613,-0.241956,-0.336999,0.010985,-0.267897,-0.336999,-0.051643,-0.241956,-0.336999,-0.077585,-0.179327,-0.336999,-0.051643,-0.116699,-0.336999,0.010985,-0.090758,-0.336999,0.073613,-0.116699,-0.437502,0.073613,-0.241956,-0.437502,0.010985,-0.267897,-0.437502,-0.051643,-0.241956,-0.437502,-0.077585,-0.179327,-0.437502,-0.051643,-0.116699,-0.437502,0.010985,-0.090758,-0.437502,0.509784,-0.179822,-0.449457,0.399451,0.427641,-0.448897,0.400283,-0.787066,-0.4489,0.010985,-0.179327,-0.461845,0.011405,-0.792069,-0.44863,-0.377481,-0.786296,-0.448353,-0.487814,-0.178833,-0.447793,-0.378314,0.428411,-0.44835,0.010565,0.433414,-0.448621,0.187761,-0.002551,0.065547,0.174305,-0.016007,0.161218,0.135985,-0.054327,0.242324,0.078634,-0.111678,0.296517,0.260985,-0.179327,0.065547,0.241955,-0.179327,0.161218,0.187761,-0.179327,0.242324,0.106656,-0.179327,0.296517,0.187761,-0.356104,0.065547,0.174305,-0.342648,0.161218,0.135985,-0.304327,0.242324,0.078634,-0.246977,0.296517,0.010985,-0.429327,0.065547,0.010985,-0.410297,0.161218,0.010985,-0.356104,0.242324,0.010985,-0.274998,0.296517,-0.165792,-0.356104,0.065547,-0.152336,-0.342648,0.161218,-0.114015,-0.304327,0.242324,-0.056665,-0.246977,0.296517,-0.239015,-0.179327,0.065547,-0.219985,-0.179327,0.161218,-0.165792,-0.179327,0.242324,-0.084686,-0.179327,0.296517,-0.165792,-0.002551,0.065547,-0.152336,-0.016007,0.161218,-0.114015,-0.054327,0.242324,-0.056665,-0.111678,0.296517,0.010985,0.070673,0.065547,0.010985,0.051642,0.161218,0.010985,-0.002551,0.242324,0.010985,-0.083657,0.296517,0.071419,-0.179327,0.468073,0.053718,-0.136594,0.468073,0.053718,-0.222061,0.468073,0.099554,-0.179327,0.568596,0.010985,-0.239762,0.468073,-0.031749,-0.222061,0.468073,-0.04945,-0.179327,0.468073,-0.031749,-0.136594,0.468073,0.010985,-0.118893,0.468073,0.099554,-0.179327,0.468093,0.073613,-0.116699,0.468093,0.073613,-0.241956,0.468093,0.010985,-0.267897,0.468093,-0.051643,-0.241956,0.468093,-0.077585,-0.179327,0.468093,-0.051643,-0.116699,0.468093,0.010985,-0.090758,0.468093,0.073613,-0.116699,0.568596,0.073613,-0.241956,0.568596,0.010985,-0.267897,0.568596,-0.051643,-0.241956,0.568596,-0.077585,-0.179327,0.568596,-0.051643,-0.116699,0.568596,0.010985,-0.090758,0.568596,0.509784,-0.179822,0.580551,0.399451,0.427641,0.579991,0.400283,-0.787066,0.579994,0.010985,-0.179327,0.59294,0.011405,-0.792069,0.579724,-0.377481,-0.786296,0.579448,-0.487814,-0.178833,0.578888,-0.378314,0.428411,0.579445,0.010565,0.433414,0.579715],
    "metadata":{
        "materials":1,
        "uvs":1,
        "vertices":122,
        "normals":128,
        "type":"Geometry",
        "faces":128,
        "version":3,
        "generator":"io_three"
    },
    "name":"Sphere.002Geometry.2",